JD,t_days,F_trapz_dered,F_uvoir_bb_dered,log10_L_uvoir_bb_erg_s,T_bb_K,bb_sse,tail_fraction_uvoir,Nband_used,bands_used,source_table,notes,log10_L_err_dex,log10_L_err_stat_dex,log10_L_stat_lo_dex,log10_L_stat_hi_dex,log10_L_bb_stat_dex,log10_L_bb_stat_lo_dex,log10_L_bb_stat_hi_dex,log10_L_err_sys_dex
2449077.39,0.6899999999441206,1.157377452561237e-09,3.395862565043859e-09,42.7286743098677,12711.42831402295,6.268930739509803e-29,0.659180125699142,5,UBVRI,Richmond1994_CDS_table7,,0.146249153840316,0.00238385882658571,0.003349894857403134,0.001417822795768287,0.002391985974224306,0.003349894857403134,0.001417822795768287,0.1462297241196308
2449077.56,0.8599999998696148,1.090528106772433e-09,3.154102512329967e-09,42.69660000874375,12589.25411794166,6.959560472099458e-30,0.6542508994208784,5,UBVRI,Richmond1994_CDS_table7,,0.1452017134781513,0.001211286771366676,0.00173177063333397,0.0006908029093993821,0.001213517059633222,0.00173177063333397,0.0006908029093993821,0.1451966610544081
2449077.7,1,6.872918825656056e-10,2.920825330157595e-09,42.66322979067309,12139.31979763489,2.208855236545742e-29,0.7646925766257573,4,BVRI,Richmond1994_CDS_table2,CP,0.1938372920991626,0.004245318053440363,0.005599763605866025,0.002890872501014702,0.00426293720149108,0.005599763605866025,0.002890872501014702,0.1937907972091586
2449078.48,1.779999999795109,8.07136821389745e-10,1.782775970460264e-09,42.44882097611976,9957.805907172997,5.432894229430165e-29,0.5472584134161488,5,UBVRI,Richmond1994_CDS_table7,,0.1225639131021567,0.001984690444123679,0.002528483454057945,0.001440897434189413,0.001989288290471593,0.002528483454057945,0.001440897434189413,0.1225478428971887
2449079.4,2.699999999720603,6.004652802315389e-10,1.182579638700984e-09,42.27055460157653,8554.475978894765,6.924955958782387e-29,0.492241147588905,5,UBVRI,Richmond1994_CDS_table7,,0.111018994227874,0.00223691638393672,0.002209373897332137,0.002264458870541304,0.002236709837172438,0.002209373897332137,0.002264458870541304,0.1109964561797357
2449079.7,3,4.001097259766871e-10,1.106086584801555e-09,42.24151332940666,8632.461910577356,1.881415290937478e-28,0.6382654563625582,4,BVRI,Richmond1994_CDS_table2,CP,0.1709072554637766,0.01596596421517758,0.02585306362710982,0.006078864803245337,0.01657623864163594,0.02585306362710982,0.006078864803245337,0.1701598600047622
2449080.49,3.790000000037253,4.466068470585874e-10,8.481908948009877e-10,42.12621781046442,7946.63394316992,7.188863323914898e-29,0.4734595127157367,5,UBVRI,Richmond1994_CDS_table7,,0.1070980106117776,0.001819290290554221,0.0004621321507258221,0.003176448430382619,0.001807407722801508,0.0004621321507258221,0.003176448430382619,0.1070825572156321
2449080.66,3.959999999962747,3.302541419997859e-10,8.634321243437749e-10,42.13395240712416,8056.282204512522,4.788930087349054e-29,0.6175100130183535,4,BVRI,Richmond1994_CDS_table7,,0.1672730935472282,0.005608150042089328,0.008303202999140098,0.002913097085038558,0.005665923414896399,0.008303202999140098,0.002913097085038558,0.1671790551413818
2449080.7,4,4.469625685274072e-10,9.875166792148265e-10,42.19226864402008,10050.63291139241,4.817724228624449e-28,0.5473873222244847,5,UBVRI,Richmond1994_CDS_table2,,0.1225910539942006,0.01625903564410711,0.0136110382454896,0.01890703304272462,0.0132502654724166,0.01020593223358741,0.01662457786276327,0.1215080667253523
2449081.4,4.699999999720603,3.771991948900171e-10,7.016160718489614e-10,42.04382373321234,7485.043913219815,4.489279917260579e-29,0.4623851846837145,5,UBVRI,Richmond1994_CDS_table7,,0.1047916885444654,0.004042109840067462,0.002021812544057496,0.006062407136077429,0.004002378440359213,0.002021812544057496,0.006062407136077429,0.1047137017588485
2449081.59,4.889999999664724,3.627033699233845e-10,6.749455457693422e-10,42.0269929400078,7485.043913219815,2.56706381303049e-29,0.4626183220307735,5,UBVRI,Richmond1994_CDS_table7,,0.104840195779774,0.002954573351483197,0.003277776345142031,0.002631370357824364,0.002959548001119478,0.003277776345142031,0.002631370357824364,0.1047985550828448
2449082.45,5.75,3.396707258474486e-10,6.324524901545218e-10,41.99875211126206,7518.560015795579,1.05288587711151e-29,0.4629308428140434,5,UBVRI,Richmond1994_CDS_table7,,0.1049052229035406,0.002494846272349031,0.001950747147984105,0.003038945396713957,0.002488239703603724,0.001950747147984105,0.003038945396713957,0.1048755526065007
2449082.58,5.879999999888241,3.364865753356962e-10,6.248187741025235e-10,41.99347827483199,7416.230304322683,2.16734597874503e-29,0.4614653251752583,5,UBVRI,Richmond1994_CDS_table7,,0.1046003194797465,0.003733298107559054,0.003721315418637566,0.003745280796480541,0.003733506745452179,0.003721315418637566,0.003745280796480541,0.1045336755333186
2449083.41,6.709999999962747,3.457160119541424e-10,6.380072637843759e-10,42.00254982764106,7148.161443169793,2.905140808415092e-29,0.4581315424161341,5,UBVRI,Richmond1994_CDS_table7,,0.1039070180944062,0.003703940008523634,0.002777342794759468,0.0046305372222878,0.003687192357816217,0.002777342794759468,0.0046305372222878,0.1038409805312166
2449083.47,6.770000000018626,3.452757044111182e-10,6.365989435075548e-10,42.00159011793563,7115.303200012722,5.54794898597952e-29,0.4576244463920939,5,UBVRI,Richmond1994_CDS_table7,,0.1038015978321219,0.005661664540003056,0.003942438495267084,0.00738089058473903,0.005614601713285958,0.003942438495267084,0.00738089058473903,0.1036470803599312
2449083.6,6.899999999906868,3.479523762328786e-10,6.419669587581121e-10,42.00523688044686,7115.303200012722,4.33995797829396e-29,0.4579902104214303,5,UBVRI,Richmond1994_CDS_table7,,0.1038776355875402,0.004594750861591244,0.002906126236014501,0.006283375487167988,0.004556868247839675,0.002906126236014501,0.006283375487167988,0.1037759675444064
2449083.7,7,3.637729374608339e-10,6.75361386490112e-10,42.02726043080086,7413.102413009177,2.361830266503826e-29,0.46136550780408,5,UBVRI,Richmond1994_CDS_table3,,0.1045795551958914,0.00332925906101411,0.004173508871814854,0.002485009250213365,0.003343656541953403,0.004173508871814854,0.002485009250213365,0.1045265487762566
2449084.49,7.790000000037253,3.648734290156615e-10,6.716250479517296e-10,42.02485108898417,6918.309709189362,8.508276525557736e-29,0.4567304627359799,5,UBVRI,Richmond1994_CDS_table7,,0.103615771228194,0.005838286649343143,0.005174879227377851,0.006501694071308435,0.005820495386540047,0.005174879227377851,0.006501694071308435,0.103451159762535
2449084.7,8,3.935541166370314e-10,7.259448645944868e-10,42.05862784175098,7082.444956855653,8.549697683339284e-29,0.4578732685754711,5,UBVRI,Richmond1994_CDS_table3,,0.10385332429273,0.005223820363213959,0.008161228624925418,0.002286412101502501,0.005303399858128763,0.008161228624925418,0.002286412101502501,0.1037218620516611
2449084.72,8.020000000018626,3.880306162546544e-10,7.153367161449554e-10,42.05223472108447,7115.303200012722,1.228861078605549e-28,0.4575552917990803,5,UBVRI,Richmond1994_CDS_table2,,0.1037872220296269,0.007396089491338503,0.008413704483183234,0.006378474499493771,0.007437631128084522,0.008413704483183234,0.006378474499493771,0.1035233563832973
2449084.8,8.099999999627471,4.294039088589116e-10,7.916086236384887e-10,42.09623472108448,7115.303200012722,1.504883183506692e-28,0.4575552917990804,5,UBVRI,Richmond1994_CDS_table2,,0.1037872220296269,0.007396089491338482,0.008413704483183368,0.006378474499493595,0.007437631128084516,0.008413704483183368,0.006378474499493595,0.1035233563832973
2449085.52,8.819999999832362,4.116031664480495e-10,7.581390566208764e-10,42.0774730749193,6732.303046097371,2.53352192801498e-28,0.4570875054470641,5,UBVRI,Richmond1994_CDS_table7,I,0.1036899837410905,0.008460043126349702,0.01275282021838828,0.004167266034311124,0.008652509929303328,0.01275282021838828,0.004167266034311124,0.1033442809183359
2449085.6,8.899999999906868,4.128359650358592e-10,7.604232339699488e-10,42.07877958222912,6763.682424702063,2.716864495406097e-28,0.4570971182974479,5,UBVRI,Richmond1994_CDS_table7,,0.103691981871089,0.008546387568221989,0.01336499874185937,0.003727776394584614,0.008764688150026612,0.01336499874185937,0.003727776394584614,0.1033391811651708
2449085.7,9,4.398150649055285e-10,8.102653573177355e-10,42.10635147555796,6889.118528981812,2.782828064627371e-28,0.4571962617759301,5,UBVRI,Richmond1994_CDS_table3,,0.1037125900697942,0.008201839290222427,0.01095090891178562,0.005452769668659236,0.008321858782782137,0.01095090891178562,0.005452769668659236,0.1033877708979284
2449085.74,9.040000000037253,4.781486058539352e-10,8.795335888446015e-10,42.14197663394853,6795.061803306754,4.039740552795143e-28,0.4563611760614456,5,UBVRI,Richmond1994_CDS_table2,,0.1035390188830932,0.0108947440588434,0.01518815456391947,0.006601333553767337,0.01114771854240886,0.01518815456391947,0.006601333553767337,0.1029642315717736
2449085.82,9.119999999646097,4.441839827239938e-10,8.170571400805603e-10,42.10997663394853,6795.061803306754,3.486209435606438e-28,0.4563611760614464,5,UBVRI,Richmond1994_CDS_table2,,0.1035390188830934,0.01089474405884338,0.0151881545639195,0.006601333553767262,0.01114771854240884,0.0151881545639195,0.006601333553767262,0.1029642315717738
2449086.48,9.779999999795109,4.634503090969025e-10,8.539072513387243e-10,42.12913490598007,6700.923667492681,3.122043026318466e-28,0.4572591948711968,5,UBVRI,Richmond1994_CDS_table7,,0.1037256716863418,0.008358932494666399,0.01385866472052465,0.002859200268808146,0.008602400180856798,0.01385866472052465,0.002859200268808146,0.1033883127550323
2449087.57,10.8699999996461,5.071649803529454e-10,9.342920304975514e-10,42.16820684873579,6732.303046097371,6.204468124857404e-28,0.4571665348757627,5,UBVRI,Richmond1994_CDS_table7,,0.1037064109265232,0.01105557643628703,0.014634960522317,0.007476192350257067,0.01127063703383151,0.014634960522317,0.007476192350257067,0.1031154396631383
2449087.66,10.95999999996275,5.127995423323241e-10,9.441988296414258e-10,42.17278766217675,6732.303046097371,6.668938463557062e-28,0.456894537216205,5,UBVRI,Richmond1994_CDS_table7,,0.1036498740503667,0.01218990946995609,0.01699564678140598,0.0073841721585062,0.01250901163854741,0.01699564678140598,0.0073841721585062,0.1029305712496106
2449087.7,11,5.323191410710262e-10,9.804242620699791e-10,42.18913825438213,6760.829753919818,5.045053599914736e-28,0.4570522561863823,5,UBVRI,Richmond1994_CDS_table3,CP,0.1036826568491661,0.01066173546983398,0.01337936903205295,0.007944101907615011,0.01082043868159427,0.01337936903205295,0.007944101907615011,0.1031330244299721
2449087.73,11.02999999979511,5.559692999771621e-10,1.029927814788956e-09,42.21053099149631,6399.332421951074,1.324637857958176e-27,0.4601861489767741,5,UBVRI,Richmond1994_CDS_table2,CP,0.1043342497789898,0.01658916212397615,0.02318910872986878,0.009989215518083516,0.01719802754346868,0.02318910872986878,0.009989215518083516,0.1030069676136963
2449087.9,11.1999999997206,5.375333103878768e-10,9.952628083870595e-10,42.19566197978079,6399.332421951074,1.208415261538336e-27,0.4599081711301833,5,UBVRI,Richmond1994_CDS_table2,CP,0.1042764382292092,0.01632295169365556,0.02377496098557897,0.008870942401732146,0.01699645874850397,0.02377496098557897,0.008870942401732146,0.1029909550289571
2449088.39,11.68999999994412,5.706090706463578e-10,1.051913214288e-09,42.21970411521556,6548.392022657563,7.889037339213338e-28,0.4575511906345034,5,UBVRI,Richmond1994_CDS_table7,,0.1037863694884563,0.01218398185211473,0.01768651194184332,0.006681451762386132,0.01254762731814492,0.01768651194184332,0.006681451762386132,0.1030687201716491
2449088.43,11.72999999998137,5.724102235700703e-10,1.05677335884238e-09,42.22170606062145,6517.726925914594,7.619332019451341e-28,0.4583415461976585,5,UBVRI,Richmond1994_CDS_table7,,0.1039506786595173,0.01153942213155892,0.01492461164577185,0.008154232617345979,0.01175269756851921,0.01492461164577185,0.008154232617345979,0.1033082055339454
2449088.51,11.80999999959022,5.63797418131677e-10,1.040083106648534e-09,42.21479224688834,6548.392022657563,9.076253270812579e-28,0.4579304148604002,5,UBVRI,Richmond1994_CDS_table7,,0.1038652044935394,0.01245085688461325,0.02030280583444592,0.004598907934780575,0.01298104494796102,0.02030280583444592,0.004598907934780575,0.1031162298928914
2449088.56,11.85999999986961,5.580290949194295e-10,1.028696710996629e-09,42.21001155568788,6548.392022657563,8.645015239878112e-28,0.4575377864494231,5,UBVRI,Richmond1994_CDS_table7,,0.1037835830600749,0.01299792428914366,0.01672083858127273,0.009275009997014598,0.0132657737438337,0.01672083858127273,0.009275009997014598,0.102966431796781
2449088.7,12,5.943242492996263e-10,1.094452978584502e-09,42.23692131193972,6826.441181911445,8.566064341884027e-28,0.4569668492580756,5,UBVRI,Richmond1994_CDS_table3,,0.1036649044082511,0.01142380210205763,0.01355315980591711,0.009294444398198152,0.01156076225577744,0.01355315980591711,0.009294444398198152,0.1030335341114963
2449089.7,13,6.483271679511586e-10,1.194603421697827e-09,42.27494795876108,6795.061803306754,9.416212754489202e-28,0.4572866976810387,5,UBVRI,Richmond1994_CDS_table3,,0.1037313886177465,0.01197771194453686,0.01394191445428101,0.01001350943479272,0.01211235545881807,0.01394191445428101,0.01001350943479272,0.1030375436486121
2449090.7,14,7.203585100051017e-10,1.340108198696411e-09,42.32486406858582,6253.665831999888,3.128271127668386e-27,0.4624624260146833,5,UBVRI,Richmond1994_CDS_table2,,0.1048077593788078,0.02008756914972496,0.02950732944328812,0.0106678088561618,0.02055682480949715,0.0292012737249292,0.009789486302922465,0.1028647461070172
2449090.8,14.09999999962747,7.137542234884112e-10,1.327822012881104e-09,42.32086406858583,6253.665831999888,3.071173744797269e-27,0.4624624260146811,5,UBVRI,Richmond1994_CDS_table2,,0.1048077593788074,0.01949538001392575,0.02920127372492926,0.009789486302922239,0.02055682480949709,0.02920127372492926,0.009789486302922239,0.1029786219762073
2449091.7,15,7.315083117798957e-10,1.347788134790335e-09,42.32734583315523,6732.303046097371,1.58299891496909e-27,0.4572527440348101,5,UBVRI,Richmond1994_CDS_table3,,0.1048939475669419,0.03655232716718619,0.03717170713895733,0.03593294719541505,0.01391271231761931,0.0154185722370993,0.01213149835571535,0.09831921284692698
2449091.8,15.09999999962747,7.644227874944465e-10,1.420327476770753e-09,42.35011269311971,6253.665831999888,4.60754983838441e-27,0.4617982120345703,5,UBVRI,Richmond1994_CDS_table2,,0.1046695701883782,0.02152278414940179,0.03237346907360625,0.01067209922519733,0.02285222045480228,0.03237346907360625,0.01067209922519733,0.102432849642476
2449093.7,17,8.089341006340775e-10,1.490628194067508e-09,42.37109353571297,6763.682424702063,1.30310751797174e-27,0.4573200051806868,5,UBVRI,Richmond1994_CDS_table3,,0.10586767013067,0.03854348464096256,0.03923091289548324,0.03785605638644189,0.01174726351424546,0.01388302431707951,0.00931422797171595,0.09860204546878443
2449093.8,17.09999999962747,6.645512948193005e-10,1.625774132566185e-09,42.40878441368181,7314.663512487134,8.080791198732459e-28,0.5912400858719858,4,BVRI,Richmond1994_CDS_table2,,0.1627359959613638,0.01720947928192566,0.02489717315908301,0.009521785404768304,0.0177689386783282,0.02489717315908301,0.009521785404768304,0.1618234785325726
2449094.7,18,8.401452488135814e-10,1.551049336283071e-09,42.3883498166141,6548.392022657563,2.293206129577045e-27,0.4583375079306618,5,UBVRI,Richmond1994_CDS_table3,CP,0.1039498390731116,0.01467035103671904,0.02018292388419715,0.009157778189240915,0.01511719967461041,0.02018292388419715,0.009157778189240915,0.1029094254370572
2449095.7,19,8.389530636105582e-10,1.560546388747607e-09,42.39100088741616,6282.950772039053,2.607996592732852e-27,0.4623978693232906,5,UBVRI,Richmond1994_CDS_table3,CP,0.104794327695975,0.01635279908244547,0.02048907601644186,0.01221652214844907,0.01673534016696843,0.02048907601644186,0.01221652214844907,0.1035105650618359
2449095.8,19.09999999962747,6.666417085050223e-10,1.594583711668164e-09,42.40037152795496,6953.339125438422,9.592764015308765e-28,0.581933702428442,4,BVRI,Richmond1994_CDS_table2,CP,0.1611464815412625,0.01762793713491383,0.02646239136269614,0.008793482907131512,0.01829836708433229,0.02646239136269614,0.008793482907131512,0.1601794129889855
2449096.7,20,8.310686857303512e-10,1.549266755755008e-09,42.38785040626417,6253.665831999888,2.618478598984221e-27,0.4635728917288074,5,UBVRI,Richmond1994_CDS_table3,,0.1050388271773103,0.01610175542837197,0.01987453886064198,0.01232897199610196,0.01644573963849868,0.01987453886064198,0.01232897199610196,0.1037973443153039
2449097.7,21,7.75876838462915e-10,1.458101690778364e-09,42.36151201795963,6084.072107493407,2.191351442347267e-27,0.4678856465431185,5,UBVRI,Richmond1994_CDS_table3,,0.1059366588706468,0.01604663830940149,0.02135473185330405,0.01073854476549892,0.01651331677858535,0.02135473185330405,0.01073854476549892,0.1047142831310182
2449099.46,22.75999999977648,5.607299357251597e-10,1.307756593747481e-09,42.31425112283092,6111.315018449881,7.017212948634283e-28,0.5712275981585048,4,BVRI,Richmond1994_CDS_table7,,0.1593299873535842,0.01654583290280433,0.02279902688243158,0.01029263892317709,0.01700023661611461,0.02279902688243158,0.01029263892317709,0.1584685466698227
2449099.7,23,6.877056227868824e-10,1.299472170758259e-09,42.31149118757126,6000.171405634953,1.250196803300535e-27,0.4707807998800027,5,UBVRI,Richmond1994_CDS_table3,CP,0.1065397470051258,0.01182710753894424,0.01591311648056432,0.007741098597324167,0.01208233279351252,0.01591311648056432,0.007741098597324167,0.1058812411108713
2449100.7,24,5.89443790728337e-10,1.216750433788249e-09,42.2829257141478,5178.385197853739,3.548557843467842e-27,0.5155590050679876,5,UBVRI,Richmond1994_CDS_table2,,0.1159021076381834,0.03604719103213843,0.05018303948623906,0.0219113425780378,0.03638767907235112,0.04878172188747595,0.01847771284011507,0.1101539766584283
2449100.8,24.09999999962747,6.115646824081365e-10,1.262413150014202e-09,42.29892571414781,5178.385197853739,3.819899077046431e-27,0.5155590050679872,5,UBVRI,Richmond1994_CDS_table2,,0.1159021076381834,0.03362971736379543,0.04878172188747586,0.01847771284011501,0.03638767907235104,0.04878172188747586,0.01847771284011501,0.110915917094907
2449101.41,24.70999999996275,4.821427121778719e-10,1.133224124557315e-09,42.2520400157928,5651.886230394141,7.543362581362926e-28,0.5745389621261222,4,BVRI,Richmond1994_CDS_table7,,0.1598904169336395,0.01971396340442988,0.02454580239015776,0.014882124418702,0.0201469233129749,0.02454580239015776,0.014882124418702,0.1586704291104738
2449102.39,25.68999999994412,4.287621405081572e-10,1.011674044091646e-09,42.20276481210666,5573.585539544853,8.243799019956089e-28,0.5761854887824756,4,BVRI,Richmond1994_CDS_table7,,0.160169553914726,0.02206261639639515,0.0215585108381357,0.02256672195465461,0.02207534962694204,0.0215585108381357,0.02256672195465461,0.1586427652273744
2449103.41,26.70999999996275,4.677586519081434e-10,1.023687552768897e-09,42.2078916270417,4877.122420715328,1.593530708553018e-27,0.5430650195531465,5,UBVRI,Richmond1994_CDS_table7,,0.1216812322775675,0.02901422593991034,0.04703493784398107,0.01099351403583961,0.03160231333914325,0.04703493784398107,0.01099351403583961,0.1181714727914278
2449104.7,28,4.370820989565719e-10,9.871981748829538e-10,42.19212854817312,4743.890661881336,1.939887153897907e-27,0.5572498915849453,5,UBVRI,Richmond1994_CDS_table3,,0.1246686686203915,0.03446888807287607,0.05578144375896657,0.01315633238678557,0.03810941361299933,0.05578144375896657,0.01315633238678557,0.1198089007152663
2449104.8,28.09999999962747,4.256808811606488e-10,9.458873790599864e-10,42.17356363513144,4810.535358280691,1.570049675462192e-27,0.5499666338886071,5,UBVRI,Richmond1994_CDS_table2,,0.202278164330351,0.1674613973287561,0.1712123470139984,0.1637104476435138,0.03495363240080453,0.05156782915237378,0.01211131293816929,0.1134598438636198
2449105.41,28.70999999996275,4.015497071013433e-10,9.158318117838308e-10,42.15953992924628,4701.03420483589,1.392393275284547e-27,0.5615464521600135,5,UBVRI,Richmond1994_CDS_table7,,0.1255744397684165,0.03466231228374995,0.04704558322424717,0.02227904134325273,0.03679313637357456,0.04704558322424717,0.02227904134325273,0.1206957498435444
2449105.7,29,3.820799133434967e-10,8.724964521968512e-10,42.13848787407796,4701.03420483589,1.452361574308422e-27,0.562084278530347,5,UBVRI,Richmond1994_CDS_table3,,0.1256878486379185,0.03475020296919448,0.05649722832931214,0.01300317760907682,0.03846395367226499,0.05649722832931214,0.01300317760907682,0.120788487401855
2449105.8,29.09999999962747,4.205568309382391e-10,9.580124266584014e-10,42.17909534687566,4701.03420483589,1.793960280614159e-27,0.5610110900072938,5,UBVRI,Richmond1994_CDS_table2,,0.1254615566732558,0.03755058694925682,0.05142564911998888,0.02367552477852476,0.04017844184556369,0.05142564911998888,0.02367552477852476,0.1197102987325773
2449106.37,29.66999999992549,3.674663778563216e-10,8.521307529367059e-10,42.12823044344169,4635.90652693514,1.180486543769875e-27,0.5687676139020696,5,UBVRI,Richmond1994_CDS_table7,,0.1270976420354937,0.03581700556947258,0.04503184930973894,0.02660216182920621,0.03749018133482009,0.04503184930973894,0.02660216182920621,0.1219465158297639
2449106.7,30,3.930326598401734e-10,9.015435356276578e-10,42.15271090808913,4677.351412871981,1.501515760952976e-27,0.5640447251762027,5,UBVRI,Richmond1994_CDS_table2,,0.1261012908436843,0.03877499894457068,0.04752704391882491,0.03002295397031644,0.03896895254214788,0.04632604661175035,0.02808309911879196,0.1199918122593871
2449106.8,30.09999999962747,3.777417246242584e-10,8.632200220312774e-10,42.13384570947279,4701.03420483589,1.177130525482117e-27,0.5624038889466682,5,UBVRI,Richmond1994_CDS_table3,,0.1257552462845696,0.03218958142851922,0.04364894908371227,0.02073021377332617,0.03399192104482136,0.04364894908371227,0.02073021377332617,0.1215656728503136
2449107.4,30.6999999997206,3.544470057948897e-10,8.373710376745107e-10,42.12064214018207,4570.881896148747,1.023419151228766e-27,0.5767145150144725,5,UBVRI,Richmond1994_CDS_table7,,0.1287751732522504,0.03580148029327608,0.04929433118649219,0.02230862940005998,0.03813188159814607,0.04929433118649219,0.02230862940005998,0.1236984205839236
2449107.8,31.09999999962747,3.713804077133291e-10,8.664674036030095e-10,42.13547643365261,4615.240665605043,1.296225614964345e-27,0.5713855983860128,5,UBVRI,Richmond1994_CDS_table2,,0.1276501372337883,0.03753584657490689,0.0458439890990054,0.02922770405080838,0.03915790857439587,0.0458439890990054,0.02922770405080838,0.1220066299743995
2449108.38,31.67999999970198,3.349328359349494e-10,8.005369647652893e-10,42.10110559465053,4530.380410992999,1.025607164299434e-27,0.581614777734656,5,UBVRI,Richmond1994_CDS_table7,,0.1298102106970932,0.03826976729196934,0.04577274149973649,0.03076679308420219,0.03976665038209848,0.04577274149973649,0.03076679308420219,0.1240407824573928
2449108.7,32,3.575684640159609e-10,8.339238718784631e-10,42.11885061051505,4615.240665605043,1.267838800199306e-27,0.5712216953203214,5,UBVRI,Richmond1994_CDS_table2,,0.1276155432744514,0.040659642965142,0.04574897234370874,0.03557031358657527,0.03970073165173205,0.04388569789889551,0.03313960196222936,0.1209649549215828
2449109.7,33,3.432213333411556e-10,8.102954243133123e-10,42.10636759088102,4570.881896148747,1.202147158000759e-27,0.5764244458963595,5,UBVRI,Richmond1994_CDS_table2,,0.1287139194665644,0.04254964387274124,0.0467284882848476,0.03837079946063489,0.04090941894280408,0.04429057129721062,0.03536129720039152,0.1214775735300476
2449110.7,34,3.392684600575634e-10,7.95724524328689e-10,42.09848694767751,4594.025601952031,1.071929605358711e-27,0.573635787656807,5,UBVRI,Richmond1994_CDS_table2,CP,0.128125125345436,0.04272268121471053,0.04400571114758196,0.04143965128183909,0.03693301716429195,0.03794753777318064,0.0349393432651929,0.1207924677064341
2449111.8,35.09999999962747,3.085478289353857e-10,7.249956757821781e-10,42.05805962064088,4594.025601952031,7.845495024529115e-28,0.5744142492953467,5,UBVRI,Richmond1994_CDS_table2,C,0.1282894731537592,0.03445287047941885,0.02955870302555265,0.03934703793328505,0.03399890574326175,0.02955870302555265,0.03934703793328505,0.1235766508600937
2449112.7,36,2.976619903628668e-10,7.1222773048317e-10,42.05034308326024,4530.380410992999,7.127738702823268e-28,0.5820690804036299,5,UBVRI,Richmond1994_CDS_table2,,0.1299061926428347,0.03458548107591781,0.03202948329619476,0.03714147885564087,0.03445099696532685,0.03202948329619476,0.03714147885564087,0.1252176640322946
2449113.39,36.68999999994412,2.615210715266521e-10,6.458076302330016e-10,42.0078273763117,4427.256362711444,5.706872927600718e-28,0.5950480308938164,5,UBVRI,Richmond1994_CDS_table7,,0.1326499499659194,0.03860545940900323,0.0447958823654556,0.03241503645255086,0.03986618385101055,0.0447958823654556,0.03241503645255086,0.1269079498289241
2449114.7,38,2.741980572930329e-10,6.526075974060414e-10,42.01237632977048,4551.595474646009,5.705474752329961e-28,0.5798423763638296,5,UBVRI,Richmond1994_CDS_table2,,0.1294357882827001,0.03273047019374422,0.02404276360636313,0.04141817678112531,0.03180701969414315,0.02404276360636313,0.04141817678112531,0.1252291484010827
2449115.7,39,2.246460153179296e-10,5.733232800913331e-10,41.95612378128735,4810.535358280691,2.824688909961053e-28,0.6081686840238855,4,BVRI,Richmond1994_CDS_table3,,0.165651477294499,0.02792036273900631,0.02448168007755932,0.0313590454004533,0.02766223246315844,0.02448168007755932,0.0313590454004533,0.1632815521556928
2449116.7,40,2.406643489345251e-10,5.841029981710718e-10,41.96421363985725,4489.452812251451,4.780389226178678e-28,0.5879761793928689,5,UBVRI,Richmond1994_CDS_table3,,0.1311545644389923,0.03629049781242819,0.04554259302835269,0.02703840259650367,0.03793136678070603,0.04554259302835269,0.02703840259650367,0.1260338031708475
2449116.8,40.09999999962747,2.57882266528747e-10,6.17421420414818e-10,41.98830589693635,4530.380410992999,5.204658978174904e-28,0.5823237451731309,5,UBVRI,Richmond1994_CDS_table2,,0.1299599982132779,0.0338419672607707,0.02686318452218674,0.04082074999935466,0.03312125075742327,0.02686318452218674,0.04082074999935466,0.1254763817916189
2449117.8,41.09999999962747,2.493374058165672e-10,5.981106522541806e-10,41.97450574159589,4530.380410992999,3.958502068636359e-28,0.5831249537575437,5,UBVRI,Richmond1994_CDS_table2,,0.1301292857273098,0.02867691777930435,0.01573297912588468,0.04162085643272402,0.0273887501804059,0.01573297912588468,0.04162085643272402,0.1269301594995407
2449121.8,45.09999999962747,2.242787171542826e-10,5.255729266500635e-10,41.91835719011998,4615.240665605043,2.807243366706604e-28,0.5732681312490595,5,UBVRI,Richmond1994_CDS_table2,,0.1301611212645963,0.04734944365031313,0.03856512715575658,0.05613376014486968,0.02236761542547277,0.006443328053284569,0.04129463006087268,0.1212433407444003
2449122.4,45.6999999997206,2.057425719373033e-10,5.086625807863682e-10,41.90415399480198,4427.256362711444,3.312465848261737e-28,0.5955224942647932,5,UBVRI,Richmond1994_CDS_table7,,0.1327503109942049,0.03808305578606382,0.04664293061214007,0.02952318095998758,0.03969541300105055,0.04664293061214007,0.02952318095998758,0.127170460135417
2449122.8,46.09999999962747,2.220761088975093e-10,5.267342727850484e-10,41.91931578172335,4570.881896148747,2.780935621020855e-28,0.5783906224227506,5,UBVRI,Richmond1994_CDS_table2,,0.1312441950896026,0.04756296566495223,0.04201782907046431,0.05310810225944015,0.02646272414145603,0.01774250004733377,0.03701038872714033,0.1223225369336012
2449123.4,46.6999999997206,1.983693679749445e-10,4.906863715808121e-10,41.88852820036888,4427.256362711444,2.610386907097101e-28,0.5957308385479081,5,UBVRI,Richmond1994_CDS_table7,,0.1327943823814503,0.0345737592178175,0.04223845373997512,0.02690906469565989,0.03585711245851245,0.04223845373997512,0.02690906469565989,0.1282146760929467
2449123.7,47,1.852354219498234e-10,4.7512883048005e-10,41.87453558829982,4788.320459480907,1.716364308198905e-28,0.610136430233734,4,BVRI,Richmond1994_CDS_table3,,0.1659923261938172,0.02627921330446734,0.02177961204715921,0.03077881456177546,0.02592280164021926,0.02177961204715921,0.03077881456177546,0.1638989179443627
2449123.8,47.09999999962747,2.11447841642945e-10,4.933871172775456e-10,41.89091200993438,4635.90652693514,2.192094946443274e-28,0.571436232851619,5,UBVRI,Richmond1994_CDS_table2,,0.1276608244335884,0.02203242534724644,0.009031800262532481,0.0350330504319604,0.02098557237120176,0.009031800262532481,0.0350330504319604,0.1257452119501236
2449124.8,48.09999999962747,2.12325898219619e-10,4.953670546009152e-10,41.8926513239678,4635.90652693514,2.24692709495894e-28,0.5713766261854534,5,UBVRI,Richmond1994_CDS_table2,,0.1276482435152974,0.02227464797722297,0.01156041390826467,0.03298888204618128,0.02140563545517842,0.01156041390826467,0.03298888204618128,0.1256897534806694
2449126.7,50,1.726357683720478e-10,4.427836216071884e-10,41.84391575252121,4788.320459480907,1.55820039818272e-28,0.6101125697797376,4,BVRI,Richmond1994_CDS_table3,CP,0.1659881907397862,0.02677982161879314,0.02177876031727461,0.03178088292031167,0.02637045920844078,0.02177876031727461,0.03178088292031167,0.1638136765326182
2449128.8,52.09999999962747,1.745569272574485e-10,4.521150056649741e-10,41.85297312587684,4721.675763081552,1.724143490579181e-28,0.6139103434518637,4,BVRI,Richmond1994_CDS_table2,CP,0.1666471504606463,0.02824777887109221,0.02807848249580937,0.02841707524637504,0.02833606247913218,0.02807848249580937,0.02841707524637504,0.1642356104671066
2449129.8,53.09999999962747,1.846071501059232e-10,4.356687711500421e-10,41.83688063511115,4594.025601952031,1.249655956996552e-28,0.5762671957904796,5,UBVRI,Richmond1994_CDS_table2,,0.1291767131398883,0.03876362752253898,0.03561613533026276,0.0419111197148152,0.02082389520054698,0.01551167179938263,0.02699342182639582,0.1232233922553622
2449130.38,53.67999999970198,1.748246344509294e-10,4.241337041922089e-10,41.82522698985948,4489.452812251451,1.91044027353016e-28,0.5878077296783223,5,UBVRI,Richmond1994_CDS_table7,,0.1311189560785636,0.03220513528383853,0.04220191194699539,0.02220835862068167,0.0337123000044893,0.04220191194699539,0.02220835862068167,0.1271023599485153
2449130.8,54.09999999962747,1.800120248918821e-10,4.223543360847862e-10,41.82340116160967,4615.240665605043,1.398339416157703e-28,0.5737890924464303,5,UBVRI,Richmond1994_CDS_table2,,0.1281574898877904,0.03555443531419275,0.03178336165648011,0.0393255089719054,0.02267925271464007,0.01734910852299026,0.02893622546662393,0.123126862803484
2449132.41,55.70999999996275,1.676524390084575e-10,4.096657901057228e-10,41.81015390330917,4468.720662404782,1.749984350021659e-28,0.5907580201773956,5,UBVRI,Richmond1994_CDS_table7,P,0.1317426909186958,0.03194753237677636,0.037497676445269,0.02639738830828372,0.03283197617348572,0.037497676445269,0.02639738830828372,0.1278103743267104
2449133.38,56.67999999970198,1.656806142995435e-10,3.997094217705232e-10,41.79946858977502,4510.184962098121,1.731683231708095e-28,0.5854973506362273,5,UBVRI,Richmond1994_CDS_table7,,0.1306306222301377,0.03180050362135799,0.03843410782020099,0.02516689942251501,0.03283360834306791,0.03843410782020099,0.02516689942251501,0.1267007791359664
2449135.7,59,1.489237969595511e-10,3.769320179412864e-10,41.77398723392902,4877.122420715328,7.571678305602859e-29,0.6049054209484838,4,BVRI,Richmond1994_CDS_table2,CP,0.1650871082491004,0.02133030494782866,0.02114382406963986,0.02151678582601745,0.02136213385051484,0.02114382406963986,0.02151678582601745,0.1637033029626551
2449141.8,65.09999999962747,1.501659732055225e-10,3.372926919688659e-10,41.72573113594828,4786.30092322638,7.945489302788268e-29,0.5547903148183725,5,UBVRI,Richmond1994_CDS_table3,CP,0.1241503390937164,0.02508095852810902,0.02828448572455635,0.02187743133166168,0.01981814195924395,0.02356859645670189,0.01529995450672324,0.1215905103879248
2449146.7,70,1.461446768472453e-10,3.259437947579811e-10,41.71086692185803,4810.535358280691,7.480522114210883e-29,0.5516261416918208,5,UBVRI,Richmond1994_CDS_table2,,0.1234837209689481,0.01952567169555245,0.01737510115979413,0.02167624223131078,0.01939420899734837,0.01737510115979413,0.02167624223131078,0.1219302156529485
2449147.7,71,1.392442510997337e-10,3.12225113614349e-10,41.69219203671247,4788.320459480907,6.775806963514175e-29,0.5540261015911617,5,UBVRI,Richmond1994_CDS_table2,,0.1239893165609276,0.02049464278218403,0.02803466682475772,0.01295461873961034,0.021212448164553,0.02803466682475772,0.01295461873961034,0.1222837693174224
2449147.8,71.09999999962747,1.308830867229825e-10,2.955528379516522e-10,41.66835933827915,4766.105560681121,6.400230091684201e-29,0.5571584166469993,5,UBVRI,Richmond1994_CDS_table3,,0.1246493888720165,0.01880601297327867,0.03086364234991379,0.006748383596643543,0.01983659941776051,0.03086364234991379,0.006748383596643543,0.1232225791899198
2449149.8,73.09999999962747,1.333511602881574e-10,2.949212396601652e-10,41.66743025513126,4854.390070449283,3.968381774391566e-29,0.547841449324516,5,UBVRI,Richmond1994_CDS_table2,CP,0.1226866704818032,0.01589674703498237,0.02021953475953528,0.01157395931042946,0.0162159779555465,0.02021953475953528,0.01157395931042946,0.1216524251612615
2449150.7,74,1.351028772421406e-10,2.970318715494282e-10,41.67052725605896,4877.122420715328,4.717145543819729e-29,0.5451569673739254,5,UBVRI,Richmond1994_CDS_table2,,0.1221215218176686,0.01728149540469304,0.0201308279986406,0.01443216281074548,0.01752393836168769,0.0201308279986406,0.01443216281074548,0.1208925804490949
2449151.7,75,1.340517028140406e-10,2.932550157346448e-10,41.66496965327736,4899.854770981375,4.659943952503974e-29,0.5428835122283509,5,UBVRI,Richmond1994_CDS_table2,,0.1216430355106614,0.01626245660279296,0.01827766519200991,0.01424724801357601,0.01642919517431195,0.01827766519200991,0.01424724801357601,0.1205510704784089
2449152.8,76.09999999962747,1.306364609214136e-10,2.84665845392617e-10,41.65205956741189,4922.58712124742,3.721881316442157e-29,0.5410883917554734,5,UBVRI,Richmond1994_CDS_table2,,0.1212653086899325,0.01455156100155952,0.01625421091284374,0.01284891109027531,0.0146768192052039,0.01625421091284374,0.01284891109027531,0.1203890657995256
2449154.8,78.09999999962747,1.268185591893002e-10,2.736721143354468e-10,41.63495475187537,4967.463340888025,3.454398635790777e-29,0.5366040142699543,5,UBVRI,Richmond1994_CDS_table2,,0.1203220486986969,0.01450668686412462,0.01576500335645505,0.01324837037179419,0.0146045296145459,0.01576500335645505,0.01324837037179419,0.1194443445261341
2449156.8,80.09999999962747,1.27604034596617e-10,2.749765043769956e-10,41.63701979112017,4967.463340888025,4.701927718146658e-29,0.5359456805746916,5,UBVRI,Richmond1994_CDS_table2,,0.1201836134026713,0.01664771508428121,0.01927098633465828,0.01402444383390415,0.01686694196475767,0.01927098633465828,0.01402444383390415,0.1190250163326826
2449157.8,81.09999999962747,1.252088954093073e-10,2.65128796845996e-10,41.62118110539669,5060.51075978929,3.944928303786608e-29,0.5277431312674922,5,UBVRI,Richmond1994_CDS_table2,,0.1184596705887355,0.0139254939811915,0.00921694132365301,0.01863404663872999,0.01366132622521388,0.00921694132365301,0.01863404663872999,0.1176383193239836
2449158.8,82.09999999962747,1.17401590648156e-10,2.461658078218639e-10,41.58895193412665,5130.777811997999,1.479737751064689e-29,0.5230792136123437,5,UBVRI,Richmond1994_CDS_table2,P,0.1174802089050294,0.008368392119374781,0.00535494462186992,0.01138183961687964,0.008262478947904318,0.00535494462186992,0.01138183961687964,0.1171817797172655
2449160.8,84.09999999962747,1.190168394006411e-10,2.453260174233819e-10,41.58746781303974,5225.930827803641,1.983590576419931e-29,0.5148625463754107,5,UBVRI,Richmond1994_CDS_table2,,0.1157560341636713,0.009770804622774208,0.01012737988234973,0.009414229363198688,0.009792666899692208,0.01012737988234973,0.009414229363198688,0.1153429270580759
2449161.7,85,1.167585050363254e-10,2.417497570516772e-10,41.58109025070788,5201.572675640149,1.512979332080798e-29,0.5170274152070121,5,UBVRI,Richmond1994_CDS_table2,,0.1162101315088228,0.008855014914588615,0.007985599230457418,0.009724430598719812,0.008825402692371798,0.007985599230457418,0.009724430598719812,0.1158722718175504
2449162.7,86,1.125165056756114e-10,2.355654261670026e-10,41.56983575398426,5128.613839913648,1.765139989319808e-29,0.5223556041036194,5,UBVRI,Richmond1994_CDS_table2,C?,0.1173282955224658,0.01134707353284413,0.01312705018390326,0.009567096881784991,0.01144651403295852,0.01312705018390326,0.009567096881784991,0.1167783064290937
2449163.7,87,1.057166633601286e-10,2.214563456804541e-10,41.54301233361135,5128.613839913648,1.346899932514922e-29,0.5226297849569402,5,UBVRI,Richmond1994_CDS_table2,,0.1173858549810163,0.01059305289242501,0.01965867568727791,0.001527430097572117,0.011042456016187,0.01965867568727791,0.001527430097572117,0.1169069124562037
2449164.7,88,1.055276688898883e-10,2.193203465079113e-10,41.53880312776144,5178.385197853739,1.335867034085023e-29,0.5188423209696066,5,UBVRI,Richmond1994_CDS_table2,,0.1165909192159386,0.009635803201618047,0.01556845819769618,0.003703148205539919,0.009902731952752174,0.01556845819769618,0.003703148205539919,0.1161920554094694
2449165.7,89,9.6830196899347e-11,2.080483451995533e-10,41.51588847019826,4990.725195613341,3.130358852620724e-29,0.5345783846227156,5,UBVRI,Richmond1994_CDS_table3,P,0.1198961304645125,0.02742137908162512,0.03119098881110976,0.02365176935214048,0.01958222705021728,0.02449763851074394,0.01366245596791302,0.1167182507992011
2449166.7,90,1.04439812965955e-10,2.194655516309759e-10,41.53909056537628,5106.974119070131,2.370038612289618e-29,0.5241175109724412,5,UBVRI,Richmond1994_CDS_table2,P,0.1176982112612653,0.01394268993695147,0.0190719234135333,0.008813456460369642,0.01428283444760589,0.0190719234135333,0.008813456460369642,0.1168694585057339
2449167.7,91,9.997254028092944e-11,2.0702344651144e-10,41.51374373881321,5201.572675640149,9.414032551702914e-30,0.5170955659101877,5,UBVRI,Richmond1994_CDS_table2,,0.1162244286912654,0.009038503279237787,0.01460615529013148,0.003470851268344095,0.009273553043449605,0.01460615529013148,0.003470851268344095,0.1158724440196298
2449168.7,92,9.992715906984029e-11,2.083304430865905e-10,41.51647694193549,5154.581504925869,1.583069960385623e-29,0.520342982094525,5,UBVRI,Richmond1994_CDS_table2,,0.1169058415049158,0.01179678608811592,0.02102293554783081,0.002570636628401027,0.01231107740595027,0.02102293554783081,0.002570636628401027,0.1163091209491488
2449169.7,93,9.775396532538613e-11,2.022121067930582e-10,41.50353135840509,5201.572675640149,1.156940341112505e-29,0.5165770889008809,5,UBVRI,Richmond1994_CDS_table2,,0.1161156617268345,0.01035790003928911,0.01734885692824896,0.003366943150329251,0.01069915211173258,0.01734885692824896,0.003366943150329251,0.1156527596083931
2449170.7,94,9.788516340690186e-11,2.055975645743066e-10,41.510742170277,5106.974119070131,2.291050724559711e-29,0.5238992076118469,5,UBVRI,Richmond1994_CDS_table2,,0.1176523736495461,0.01572848452221015,0.02535115666095535,0.006105812383464952,0.01645166838467749,0.02535115666095535,0.006105812383464952,0.116596294109234
2449171.7,95,8.401176088847944e-11,1.98946734668766e-10,41.49646101982552,5623.413251903491,2.483417939972959e-30,0.5777173170077216,4,BVRI,Richmond1994_CDS_table2,P,0.1604295253652601,0.00614320773927874,0.00664809618546357,0.00563831929309391,0.006156830238438072,0.00664809618546357,0.00563831929309391,0.1603118635896754
2449172.7,96,8.039125334353854e-11,1.910670245223469e-10,41.47890994481103,5548.73970945694,3.433994545591849e-30,0.5792510322254162,4,BVRI,Richmond1994_CDS_table2,P,0.1606900855223387,0.00786237017999826,0.00986338005800445,0.005861360301992068,0.007928034331622563,0.00986338005800445,0.005861360301992068,0.1604976221640969
2449173.7,97,9.527437844396931e-11,1.934124159525359e-10,41.48420855422274,5322.732867821618,7.035956669546225e-30,0.5074029866451283,5,UBVRI,Richmond1994_CDS_table2,,0.1141923277220125,0.008238147252566759,0.01346096116052127,0.00301533334461225,0.008442267734331247,0.01346096116052127,0.00301533334461225,0.1138947788110436
2449174.7,98,7.757273460395741e-11,1.844207140849537e-10,41.46353390369685,5523.23359294878,5.365342964503803e-30,0.5793708153183736,4,BVRI,Richmond1994_CDS_table2,P,0.1607104465304239,0.01020213639911088,0.01280034188097774,0.007603930917244031,0.01031435633407757,0.01280034188097774,0.007603930917244031,0.1603862962877508
2449179.7,103,7.466135821788432e-11,1.769639783795804e-10,41.44560907763744,5548.73970945694,7.323754644735949e-30,0.57809855484974,4,BVRI,Richmond1994_CDS_table2,,0.1604942681492754,0.01240162245161433,0.01463422977355221,0.01016901512967646,0.01252326988700367,0.01463422977355221,0.01016901512967646,0.1600144051932174
2449180.7,104,6.601866149552042e-11,1.55935354109415e-10,41.39066879523978,5677.986460677238,2.853764709792517e-30,0.5766280079808125,4,BVRI,Richmond1994_CDS_table3,CP,0.1602446276579974,0.007970195750261996,0.007253565751512391,0.008686825749011601,0.007950122720180872,0.007253565751512391,0.008686825749011601,0.1600462954052756
2449180.72,104.0200000000186,7.23497377174085e-11,1.708775024106243e-10,41.43040909203567,5623.413251903491,6.542272400557222e-30,0.576598810863061,4,BVRI,Richmond1994_CDS_table2,C? P,0.1602396736513451,0.01211155587154214,0.01494189413765414,0.009281217605430145,0.01225979929427246,0.01494189413765414,0.009281217605430145,0.1597812981117005
2449181.7,105,6.93712075590058e-11,1.647440462242681e-10,41.41453393274269,5599.685769827949,1.64649685535117e-30,0.5789152376130794,4,BVRI,Richmond1994_CDS_table2,,0.1606330150695015,0.005270378703175357,0.004028802790283794,0.006511954616066919,0.00524524094806831,0.004028802790283794,0.006511954616066919,0.1605465310701039
2449182.7,106,6.464164642298848e-11,1.533050771974631e-10,41.38328074257056,5623.413251903491,7.185821632234309e-31,0.5783463430912504,4,BVRI,Richmond1994_CDS_table2,P,0.160536357071486,0.004427115815000408,0.005415262695673473,0.003438968934327343,0.004445065470794817,0.005415262695673473,0.003438968934327343,0.160475302110151
2449183.7,107,6.474276764991366e-11,1.525689191912207e-10,41.38119027407053,5783.53557273041,8.652709824496203e-31,0.5756490378700987,4,BVRI,Richmond1994_CDS_table2,,0.1600785747151938,0.004557546674690521,0.004605806993423984,0.004509286355957059,0.004558931907974334,0.004605806993423984,0.004509286355957059,0.1600136833247579
2449184.7,108,6.249312516966319e-11,1.478804230604555e-10,41.36763488874494,5677.986460677238,1.268453900113268e-30,0.5774077198567713,4,BVRI,Richmond1994_CDS_table2,,0.1603769609977357,0.005107496047684928,0.004038789656163121,0.006176202439206734,0.005086518857743786,0.004038789656163121,0.006176202439206734,0.1602956116148914
2449185.7,109,6.253989034573472e-11,1.471375883893696e-10,41.3654478380031,5810.243755476016,9.802315608090693e-31,0.5749563994467841,4,BVRI,Richmond1994_CDS_table2,,0.1599611558883395,0.005428558401303722,0.00676626224311762,0.004090854559489824,0.005458666501246391,0.00676626224311762,0.004090854559489824,0.1598690155934454
2449186.7,110,6.137683705390599e-11,1.444912160962179e-10,41.35756565068389,5810.243755476016,1.425271760197135e-30,0.57522098081703,4,BVRI,Richmond1994_CDS_table2,,0.1600060022599095,0.005517669977785456,0.004343457199205943,0.00669188275636497,0.005492741435442344,0.004343457199205943,0.00669188275636497,0.1599108378979187
